Title,Price,Room_type,num_of_beds,Cancel_policy,Reviewrs,Review_stars
Manhattan Lux Loft.Like.Love.Lots.Look !,"Price
$166 CAD per night",PRIVATE ROOM , 2 BEDS, · Free cancellation,503,Rating 5 out of 5
Private Studio Apartment in Harlem,"Price
$92 CAD per night",ENTIRE HOUSE , 1 BED, · Free cancellation,248,Rating 4.5 out of 5
Soho loft with massive couch for extra sleepers!,"Price
$106 CAD per night",PRIVATE ROOM , 1 BED, · Free cancellation,121,Rating 4.5 out of 5
Beautiful Private Home -minutes from NYC!,"Price
$65 CAD per night",ENTIRE HOUSE , 4 BEDS, · Free cancellation,195,Rating 5 out of 5
Sun-drenched 1BD in Upper East Side,"Price
$100 CAD per night",PRIVATE ROOM , 1 BED, · Free cancellation,248,Rating 4.5 out of 5
Studio Apartment Minutes Away from Times Square,"Price
$53 CAD per night",ENTIRE APARTMENT , 1 BED, · Free cancellation,101,Rating 5 out of 5
Spacious Manhattan Apartment near Central Park,"Price
$122 CAD per night",ENTIRE APARTMENT , 1 BED, · Free cancellation,268,Rating 4.5 out of 5
Penthouse Studio East 50s Terrace,"Price
$179 CAD per night",ENTIRE APARTMENT , 1 BED, · Free cancellation,290,Rating 4.5 out of 5
Luxury Central Park Apartment close to everything,"Price
$171 CAD per night",ENTIRE APARTMENT , 4 BEDS, · Free cancellation,114,Rating 4.5 out of 5
Williamsburg Penthouse Guestroom,"Price
$76 CAD per night",PRIVATE ROOM , 1 BED, · Free cancellation,319,Rating 4.5 out of 5
Times Square Cute Private Studio,"Price
$133 CAD per night",ENTIRE APARTMENT , 1 BED, · Free cancellation,258,Rating 4.5 out of 5
MASTER SUITE IN THE CENTRAL PARK,"Price
$137 CAD per night",PRIVATE ROOM , 1 BED, · Free cancellation,110,Rating 4.5 out of 5
CHEAP BIG room in Williamsburg,"Price
$86 CAD per night",PRIVATE ROOM , 1 BED, · Free cancellation,215,Rating 5 out of 5
Times Square Luxury Place,"Price
$129 CAD per night",ENTIRE APARTMENT , 0 BEDS, · Free cancellation,259,Rating 4.5 out of 5
Private Bedroom in Manhattan,"Price
$65 CAD per night",PRIVATE ROOM , 1 BED, · Free cancellation,570,Rating 4.5 out of 5
"""The Country"" & the NYC Waterfront!","Price
$232 CAD per night",ENTIRE GUEST SUITE , 2 BEDS, · Free cancellation,385,Rating 4.5 out of 5
Loved by NYLocals Private Room SoHo,"Price
$76 CAD per night",PRIVATE ROOM , 1 BED, · Free cancellation,194,Rating 4.5 out of 5
Brooklyn Room Available [furnished],"Price
$53 CAD per night",PRIVATE ROOM , 1 BED, · Free cancellation,39,Rating 4.5 out of 5
Brownstone studio near central park,"Price
$105 CAD per night",ENTIRE APARTMENT , 1 BED, · Free cancellation,106,Rating 4.5 out of 5
"Sunny, Modern room in East Village!","Price
$42 CAD per night",PRIVATE ROOM , 1 BED, · Free cancellation,303,Rating 5 out of 5
COZI AND GLAM IN MANHATTAN,"Price
$86 CAD per night",PRIVATE ROOM , 2 BEDS, · Free cancellation,153,Rating 4.5 out of 5
Soho 2 Bedroom Private Terrace,"Price
$427 CAD per night",ENTIRE CONDOMINIUM , 3 BEDS, · Free cancellation,34,Rating 5 out of 5
Midtown Manhattan Hideaway,"Price
$119 CAD per night",ENTIRE APARTMENT , 1 BED, · Free cancellation,177,Rating 4.5 out of 5
Lovely Loft space near Central Park & Times Square,"Price
$65 CAD per night",PRIVATE ROOM , 1 BED, · Free cancellation,317,Rating 4.5 out of 5
Tropical Getaway @ The Funky Loft with Breakfast,"Price
$73 CAD per night",PRIVATE ROOM , 1 BED, · Free cancellation,140,Rating 5 out of 5
GORGEOUS 1 BDR PRIME HELL'S KITCHEN,"Price
$131 CAD per night",ENTIRE APARTMENT , 2 BEDS, · Free cancellation,245,Rating 4.5 out of 5
Homey Room in Bed-Stuy Brooklyn,"Price
$52 CAD per night",PRIVATE ROOM , 1 BED, · Free cancellation,196,Rating 5 out of 5
Bright Room With A Great River View,"Price
$80 CAD per night",PRIVATE ROOM , 1 BED, · Free cancellation,358,Rating 5 out of 5
Home Away from Home-Room in Midtown,"Price
$77 CAD per night",PRIVATE ROOM , 1 BED, · Free cancellation,152,Rating 4.5 out of 5
"Spacious, Peaceful Room","Price
$42 CAD per night",PRIVATE ROOM , 3 BEDS, · Free cancellation,166,Rating 5 out of 5
"Clean Room, Central Location in Manhattan","Price
$33 CAD per night",PRIVATE ROOM , 1 BED, · Free cancellation,331,Rating 5 out of 5
A Room with a View @ The Funky Loft w Breakfast,"Price
$86 CAD per night",PRIVATE ROOM , 1 BED, · Free cancellation,144,Rating 5 out of 5
"Private! entire studio, own entrance, private bath","Price
$80 CAD per night",ENTIRE APARTMENT , 1 BED, · Free cancellation,183,Rating 5 out of 5
Williamsburg Penthouse Hideaway,"Price
$52 CAD per night",PRIVATE ROOM , 1 BED, · Free cancellation,338,Rating 4.5 out of 5
Cozy Entire Floor of Brownstone,"Price
$100 CAD per night",ENTIRE GUEST SUITE , 3 BEDS, · Free cancellation,233,Rating 4.5 out of 5
Room For 4 Only Two Subway Stops From NYC,"Price
$57 CAD per night",PRIVATE ROOM , 2 BEDS, · Free cancellation,220,Rating 4.5 out of 5
"AMAZINGLY LOCATED ONE BEDROOM, NEAR CENTRAL PARK","Price
$265 CAD per night",ENTIRE APARTMENT , 1 BED, · Free cancellation,5,Rating 5 out of 5
YOUR DREAM SUITE IN MANHATTAN,"Price
$84 CAD per night",PRIVATE ROOM , 2 BEDS, · Free cancellation,118,Rating 4 out of 5
"ENTIRE Floor,PRIVATE Bath&Entrance! SUPERHOST :))","Price
$85 CAD per night",PRIVATE ROOM , 2 BEDS, · Free cancellation,237,Rating 5 out of 5
Newly renovated historic brownstone,"Price
$54 CAD per night",PRIVATE ROOM , 1 BED, · Free cancellation,253,Rating 5 out of 5
Brownstone Studio,"Price
$146 CAD per night",ENTIRE APARTMENT , 1 BED, · Free cancellation,90,Rating 5 out of 5
"On Broadway, clean & comfy room","Price
$66 CAD per night",PRIVATE ROOM , 1 BED, · Free cancellation,101,Rating 5 out of 5
Huge Room in Upper East Side - Prime Location,"Price
$54 CAD per night",PRIVATE ROOM , 1 BED, · Free cancellation,71,Rating 4 out of 5
Times Square Unique Studio,"Price
$146 CAD per night",ENTIRE APARTMENT , 1 BED, · Free cancellation,238,Rating 4.5 out of 5
GREAT AND STYLISH APARTMENT! AMAZING LOCATION!,"Price
$80 CAD per night",ENTIRE APARTMENT , 2 BEDS, · Free cancellation,83,Rating 4.5 out of 5
PRIVATE and SUNNY Williamsburg Apt!,"Price
$118 CAD per night",ENTIRE APARTMENT , 3 BEDS, · Free cancellation,360,Rating 4.5 out of 5
A Unique studio apartment,"Price
$119 CAD per night",ENTIRE APARTMENT , 3 BEDS, · Free cancellation,180,Rating 5 out of 5
Sunny+Cozy Double bedroom in BKLYN!,"Price
$56 CAD per night",PRIVATE ROOM , 1 BED, · Free cancellation,330,Rating 5 out of 5
Times Square Brand New Place,"Price
$146 CAD per night",ENTIRE APARTMENT , 1 BED, · Free cancellation,227,Rating 4.5 out of 5
Bright GF 2BR 18 Minutes Time Square Upto 8 Guest,"Price
$38 CAD per night",ENTIRE HOUSE , 4 BEDS, · Free cancellation,110,Rating 4 out of 5
Chic Designer Home Guest Studio,"Price
$78 CAD per night",ENTIRE TOWNHOUSE , 1 BED, · Free cancellation,35,Rating 5 out of 5
Backpackers Dream @ The Funky Loft with Breakfast,"Price
$64 CAD per night",PRIVATE ROOM , 1 BED, · Free cancellation,140,Rating 5 out of 5
Brooklyn Brownstone In Historic Bed Stuy - LEGAL,"Price
$135 CAD per night",ENTIRE TOWNHOUSE , 3 BEDS, · Free cancellation,133,Rating 4.5 out of 5
Stunning studio APT in the heart of NYC,"Price
$206 CAD per night",ENTIRE APARTMENT , 3 BEDS, · Free cancellation,93,Rating 4.5 out of 5
"BIG ONE BEDROOM LOFT!, COZY&CONFI Live Manhattan!","Price
$119 CAD per night",ENTIRE LOFT , 2 BEDS, · Free cancellation,83,Rating 4.5 out of 5
Cozy and quiet with secret garden,"Price
$119 CAD per night",ENTIRE TOWNHOUSE , 1 BED, · Free cancellation,251,Rating 5 out of 5
PRIVATE BATH/TONS OF SUNLIGHT/SAFE,"Price
$65 CAD per night",ENTIRE APARTMENT , 2 BEDS, · Free cancellation,168,Rating 4.5 out of 5
BEST LOCATION in MANHATTAN !!,"Price
$146 CAD per night",ENTIRE APARTMENT , 1 BED, · Free cancellation,174,Rating 5 out of 5
Williamsburg Loft w Large Private Bedroom & Bath,"Price
$64 CAD per night",PRIVATE ROOM , 1 BED, · Free cancellation,138,Rating 5 out of 5
Midtown great location private Apt,"Price
$93 CAD per night",ENTIRE APARTMENT , 1 BED, · Free cancellation,188,Rating 4.5 out of 5
THE SMALL CHATEAU IN THE TREES,"Price
$126 CAD per night",ENTIRE APARTMENT , 1 BED, · Free cancellation,173,Rating 5 out of 5
Quaint Room in Upper Manhattan,"Price
$53 CAD per night",PRIVATE ROOM , 1 BED, · Free cancellation,88,Rating 5 out of 5
Studio in the Upper East Side,"Price
$102 CAD per night",ENTIRE APARTMENT , 1 BED, · Free cancellation,33,Rating 4.5 out of 5
Best of SOHO Gorgeous 2 bedroom,"Price
$133 CAD per night",ENTIRE CONDOMINIUM , 2 BEDS, · Free cancellation,324,Rating 4.5 out of 5
"2 Beds Option + Private Bath, Sunshine Bushwick","Price
$66 CAD per night",PRIVATE ROOM , 2 BEDS, · Free cancellation,197,Rating 5 out of 5
★Unique two bedroom on 2nd Avenue★,"Price
$106 CAD per night",ENTIRE APARTMENT , 3 BEDS, · Free cancellation,268,Rating 4.5 out of 5
Duplex with Private Bathroom by Times Square,"Price
$105 CAD per night",PRIVATE ROOM , 2 BEDS, · Free cancellation,282,Rating 5 out of 5
"SUNNY Guest Room, Queen Bed by Williamsburg Bridge","Price
$65 CAD per night",PRIVATE ROOM , 1 BED, · Free cancellation,160,Rating 5 out of 5
Beautiful private studio near central park,"Price
$105 CAD per night",ENTIRE APARTMENT , 1 BED, · Free cancellation,133,Rating 4.5 out of 5
"Times Square, Safe, Clean and Cozy!","Price
$86 CAD per night",PRIVATE ROOM , 1 BED, · Free cancellation,318,Rating 4.5 out of 5
Studio Apt. in East Williamsburg,"Price
$146 CAD per night",ENTIRE APARTMENT , 1 BED, · Free cancellation,193,Rating 4.5 out of 5
Bright and Sunny Brooklyn Sanctuary,"Price
$53 CAD per night",PRIVATE ROOM , 1 BED, · Free cancellation,89,Rating 4.5 out of 5
Brand new beautiful one bedroom apartment,"Price
$73 CAD per night",ENTIRE FLOOR , 1 BED, · Free cancellation,213,Rating 4.5 out of 5
"[1] Modern/Luxury Bedroom by C.Park and 1,B,C","Price
$69 CAD per night",PRIVATE ROOM , 1 BED, · Free cancellation,207,Rating 4.5 out of 5
Bright and quiet room with private bathroom,"Price
$111 CAD per night",PRIVATE ROOM , 1 BED, · Free cancellation,98,Rating 4.5 out of 5
Downtown Airy Designer Loft,"Price
$166 CAD per night",ENTIRE APARTMENT , 3 BEDS, · Free cancellation,160,Rating 5 out of 5
Apartment 4 Blocks from Subway in Manhattan,"Price
$92 CAD per night",ENTIRE APARTMENT , 1 BED, · Free cancellation,44,Rating 4.5 out of 5
(A) At the foot of the Statute,"Price
$78 CAD per night",ENTIRE HOUSE , 2 BEDS, · Free cancellation,189,Rating 4.5 out of 5
"Eco friendly, Historic Jersey City, 15 min to NYC","Price
$52 CAD per night",PRIVATE ROOM , 1 BED, · Free cancellation,140,Rating 5 out of 5
Comfortable Manhattan Studio,"Price
$159 CAD per night",ENTIRE APARTMENT , 2 BEDS, · Free cancellation,187,Rating 4.5 out of 5
Romantic Rooftop Studio with 360 Brooklyn views!,"Price
$178 CAD per night",ENTIRE APARTMENT , 1 BED, · Free cancellation,160,Rating 5 out of 5
Modern Apt - Vibrant Neighborhood!,"Price
$159 CAD per night",ENTIRE APARTMENT , 2 BEDS, · Free cancellation,252,Rating 5 out of 5
Beautiful Bed-Stuy Room,"Price
$38 CAD per night",PRIVATE ROOM , 1 BED, · Free cancellation,121,Rating 4.5 out of 5
Beautiful Bedroom in Manhattan,"Price
$65 CAD per night",PRIVATE ROOM , 1 BED, · Free cancellation,570,Rating 4.5 out of 5
SPACIOUS SUNNY STUDIO 5MIN TIMES SQ,"Price
$131 CAD per night",ENTIRE APARTMENT , 2 BEDS, · Free cancellation,157,Rating 4.5 out of 5
1 Bedroom apartment,"Price
$159 CAD per night",ENTIRE APARTMENT , 1 BED, · Free cancellation,72,Rating 5 out of 5
Spacious Room in East Village/NoHo,"Price
$100 CAD per night",PRIVATE ROOM , 1 BED, · Free cancellation,355,Rating 5 out of 5
Elegant Private Apartment in a Historic Brownstone,"Price
$72 CAD per night",PRIVATE ROOM , 2 BEDS, · Free cancellation,86,Rating 5 out of 5
*Sweet Loft**Empire State Building*,"Price
$118 CAD per night",ENTIRE APARTMENT , 3 BEDS, · Free cancellation,136,Rating 4.5 out of 5
"[2] New BedRm by C.Park and 1,B,C","Price
$62 CAD per night",PRIVATE ROOM , 1 BED, · Free cancellation,213,Rating 4.5 out of 5
Tasteful Room in Charming Two Bedroom Apartment,"Price
$117 CAD per night",PRIVATE ROOM , 2 BEDS, · Free cancellation,205,Rating 5 out of 5
Bright Cozy Chinatown Studio Apt.,"Price
$199 CAD per night",ENTIRE APARTMENT , 2 BEDS, · Free cancellation,260,Rating 5 out of 5
Room w/ view of Manhattan,"Price
$54 CAD per night",PRIVATE ROOM , 1 BED, · Free cancellation,220,Rating 5 out of 5
Modern Beautiful Bedford Stuyvesant Brownstone,"Price
$113 CAD per night",ENTIRE APARTMENT , 3 BEDS, · Free cancellation,121,Rating 5 out of 5
Safe cute near subway& Manhattan NY NY retro style,"Price
$78 CAD per night",ENTIRE APARTMENT , 3 BEDS, · Free cancellation,416,Rating 4.5 out of 5
Vintage Loft Style Studio - Greenwich/Union Square,"Price
$192 CAD per night",ENTIRE APARTMENT , 2 BEDS, · Free cancellation,111,Rating 5 out of 5
Bright Private Room in Brooklyn,"Price
$58 CAD per night",PRIVATE ROOM , 2 BEDS, · Free cancellation,70,Rating 5 out of 5
Gorgeous Parlor Floor Suite near Subway,"Price
$153 CAD per night",ENTIRE TOWNHOUSE , 1 BED, · Free cancellation,195,Rating 5 out of 5
East Village Gay Friendly Dbl Room,"Price
$85 CAD per night",PRIVATE ROOM , 1 BED, · Free cancellation,371,Rating 4.5 out of 5
ARTIST LOFT+OFFICE in PRIME WILLIAMSBURG!,"Price
$66 CAD per night",PRIVATE ROOM , 1 BED, · Free cancellation,256,Rating 4.5 out of 5
Fun Spacious Midtown Apt near U.N. & Central Park,"Price
$146 CAD per night",ENTIRE APARTMENT , 2 BEDS, · Free cancellation,117,Rating 5 out of 5
Cozy Moroccan 1BR APT in the heart of Astoria,"Price
$65 CAD per night",PRIVATE ROOM , 1 BED, · Free cancellation,112,Rating 5 out of 5
W. 80's Central Park 3 Blocks Walk,"Price
$77 CAD per night",PRIVATE ROOM , 1 BED, · Free cancellation,284,Rating 4.5 out of 5
Cozy 1-Bedroom Flat near Manhattan,"Price
$86 CAD per night",ENTIRE APARTMENT , 2 BEDS, · Free cancellation,305,Rating 5 out of 5
The Artist's Experience,"Price
$126 CAD per night",PRIVATE ROOM , 1 BED, · Free cancellation,277,Rating 5 out of 5
Beautiful private 1BR apt in Harlem,"Price
$146 CAD per night",ENTIRE APARTMENT , 3 BEDS, · Free cancellation,252,Rating 5 out of 5
Spacious Lower East Side Studio Apt,"Price
$199 CAD per night",ENTIRE APARTMENT , 1 BED, · Free cancellation,55,Rating 4.5 out of 5
Sunny & Modern + Roof Deck & Gym!,"Price
$186 CAD per night",ENTIRE APARTMENT , 1 BED, · Free cancellation,130,Rating 5 out of 5
A Romantic Loft plus terrace Heart of Brooklyn,"Price
$153 CAD per night",ENTIRE LOFT , 1 BED, · Free cancellation,216,Rating 5 out of 5
"Cute, comfortable room in Gramercy","Price
$86 CAD per night",PRIVATE ROOM , 1 BED, · Free cancellation,149,Rating 5 out of 5
Large Loft Style Studio Space,"Price
$80 CAD per night",ENTIRE LOFT , 1 BED, · Free cancellation,85,Rating 4.5 out of 5
West Side Charm - Central Park!,"Price
$206 CAD per night",ENTIRE APARTMENT , 1 BED, · Free cancellation,211,Rating 4.5 out of 5
"Bright, Modern Room in East Village!","Price
$40 CAD per night",PRIVATE ROOM , 1 BED, · Free cancellation,145,Rating 5 out of 5
Clean Room for Rent 10 min From NYC,"Price
$64 CAD per night",PRIVATE ROOM , 1 BED, · Free cancellation,212,Rating 4.5 out of 5
Modernly Designed studIo in turtle bay area~402~,"Price
$166 CAD per night",ENTIRE APARTMENT , 3 BEDS, · Free cancellation,88,Rating 4.5 out of 5
Modern Condo in Midtown,"Price
$131 CAD per night",PRIVATE ROOM , 1 BED, · Free cancellation,293,Rating 5 out of 5
BR/Private Bath 10Mins to TIME SQ,"Price
$118 CAD per night",PRIVATE ROOM , 1 BED, · Free cancellation,154,Rating 4.5 out of 5
"Affordable, Private, Simple & Clean NYC Flat!","Price
$106 CAD per night",ENTIRE APARTMENT , 4 BEDS, · Free cancellation,326,Rating 4.5 out of 5
Charming apartment + private patio in Times Square,"Price
$80 CAD per night",ENTIRE APARTMENT , 0 BEDS, · Free cancellation,112,Rating 5 out of 5
"Fresh, Simple Sleep in Brooklyn!","Price
$58 CAD per night",PRIVATE ROOM , 1 BED, · Free cancellation,221,Rating 5 out of 5
Minimalistic 1 bedroom in the heart of Manhattan,"Price
$139 CAD per night",ENTIRE APARTMENT , 1 BED, · Free cancellation,121,Rating 4.5 out of 5
Cozy Well-Furnished Home in the Heart of Harlem,"Price
$73 CAD per night",PRIVATE ROOM , 1 BED, · Free cancellation,117,Rating 5 out of 5
Beautiful Cozy Room Great Price!,"Price
$65 CAD per night",PRIVATE ROOM , 1 BED, · Free cancellation,269,Rating 4.5 out of 5
"Priv Apt,Garden,BBQ,A/C,BigTV,for 4","Price
$153 CAD per night",ENTIRE APARTMENT , 3 BEDS, · Free cancellation,406,Rating 4.5 out of 5
Bright Cozy 2BR 15 Mins Time Square upto 6 Guests,"Price
$38 CAD per night",ENTIRE APARTMENT , 3 BEDS, · Free cancellation,193,Rating 4.5 out of 5
Spacious room w/Private Roof Deck in Shared Apt,"Price
$81 CAD per night",PRIVATE ROOM , 2 BEDS, · Free cancellation,104,Rating 5 out of 5
"16% off; spacious, modern 2br; 25 min to Manhattan","Price
$119 CAD per night",ENTIRE APARTMENT , 3 BEDS, · Free cancellation,110,Rating 5 out of 5
Beloved Brooklyn style apartment,"Price
$106 CAD per night",ENTIRE APARTMENT , 6 BEDS, · Free cancellation,133,Rating 5 out of 5
"PRIVATE Room in Spacious, Quiet Apt","Price
$56 CAD per night",PRIVATE ROOM , 1 BED, · Free cancellation,415,Rating 4.5 out of 5
"[3] New BedRm by C.Park and 1,B,C","Price
$62 CAD per night",PRIVATE ROOM , 1 BED, · Free cancellation,236,Rating 4.5 out of 5
Charming Manhattan-Midtown Studio,"Price
$171 CAD per night",ENTIRE APARTMENT , 2 BEDS, · Free cancellation,134,Rating 4.5 out of 5
Modern Stay in Brownstone Brooklyn,"Price
$126 CAD per night",ENTIRE APARTMENT , 2 BEDS, · Free cancellation,261,Rating 5 out of 5
The heart of the metropolis,"Price
$60 CAD per night",ENTIRE PLACE , 1 BED, · Free cancellation,97,Rating 4.5 out of 5
Amazing Downtown With Rooftop,"Price
$142 CAD per night",ENTIRE APARTMENT , 1 BED, · Free cancellation,199,Rating 4.5 out of 5
Couples and Family Paradise.,"Price
$93 CAD per night",ENTIRE APARTMENT , 3 BEDS, · Free cancellation,208,Rating 5 out of 5
Bed & Bagel~a charming 3 bedroom loft,"Price
$133 CAD per night",ENTIRE APARTMENT , 3 BEDS, · Free cancellation,215,Rating 5 out of 5
CENTRAL PARK LOFT all for YOU,"Price
$115 CAD per night",ENTIRE APARTMENT , 1 BED, · Free cancellation,224,Rating 4 out of 5
Amazing Sunny Apartment in the Lower East Side,"Price
$168 CAD per night",ENTIRE APARTMENT , 1 BED, · Free cancellation,53,Rating 4.5 out of 5
Cozy Apartment Near Times Square,"Price
$113 CAD per night",ENTIRE APARTMENT , 2 BEDS, · Free cancellation,211,Rating 4.5 out of 5
PRIVATE ROOM IN NEW YORK MANHATTAN,"Price
$52 CAD per night",PRIVATE ROOM , 1 BED, · Free cancellation,193,Rating 4.5 out of 5
Uptown Chic in Hoboken,"Price
$159 CAD per night",ENTIRE APARTMENT , 1 BED, · Free cancellation,127,Rating 5 out of 5
NYC artists’ loft with roof deck,"Price
$52 CAD per night",PRIVATE ROOM , 1 BED, · Free cancellation,180,Rating 5 out of 5
Magic Manhattan with Rooftop,"Price
$16 CAD per night",ENTIRE APARTMENT , 1 BED, · Free cancellation,196,Rating 4.5 out of 5
A Superhost SALE! DELUXE Room!,"Price
$65 CAD per night",PRIVATE ROOM , 2 BEDS, · Free cancellation,318,Rating 4.5 out of 5
Full Apartment on Central Park in Vibrant Harlem,"Price
$96 CAD per night",ENTIRE APARTMENT , 1 BED, · Free cancellation,68,Rating 4.5 out of 5
"Great location, cozy, near F, G, R!","Price
$151 CAD per night",ENTIRE TOWNHOUSE , 3 BEDS, · Free cancellation,287,Rating 5 out of 5
Spacious 1 BDRM near Central Park,"Price
$158 CAD per night",ENTIRE APARTMENT , 2 BEDS, · Free cancellation,162,Rating 4.5 out of 5
Studio in East village/own bath!,"Price
$129 CAD per night",ENTIRE APARTMENT , 2 BEDS, · Free cancellation,260,Rating 4 out of 5
Pop House 4min walk to L train 12mins to Manhattan,"Price
$37 CAD per night",PRIVATE ROOM , 2 BEDS, · Free cancellation,56,Rating 5 out of 5
"Private,Affordable, 20 min to NYC!","Price
$93 CAD per night",ENTIRE APARTMENT , 2 BEDS, · Free cancellation,267,Rating 4.5 out of 5
Beautiful private unit in the heart of Brooklyn,"Price
$69 CAD per night",ENTIRE HOUSE , 2 BEDS, · Free cancellation,145,Rating 4.5 out of 5
New2BR/PreWar building EASY access to NYC!!,"Price
$78 CAD per night",ENTIRE CONDOMINIUM , 3 BEDS, · Free cancellation,178,Rating 5 out of 5
Luxurious Suite Steps from Liberty State Park/NYC!,"Price
$56 CAD per night",ENTIRE GUEST SUITE , 2 BEDS, · Free cancellation,117,Rating 5 out of 5
Sun filled 2BR in BedStuy Townhouse,"Price
$192 CAD per night",ENTIRE TOWNHOUSE , 3 BEDS, · Free cancellation,272,Rating 4.5 out of 5
Brownstone Williamsburg room with skylight Create,"Price
$74 CAD per night",PRIVATE ROOM , 1 BED, · Free cancellation,188,Rating 4.5 out of 5
Chic Designer’s Room & 2 Beds in Manhattan LES,"Price
$78 CAD per night",PRIVATE ROOM , 2 BEDS, · Free cancellation,205,Rating 4.5 out of 5
cozy bedroom near columbus circle l,"Price
$65 CAD per night",PRIVATE ROOM , 1 BED, · Free cancellation,290,Rating 5 out of 5
Manhattan's Best Deal!,"Price
$219 CAD per night",ENTIRE APARTMENT , 5 BEDS, · Free cancellation,266,Rating 4.5 out of 5
Exposed Brick Brownstone Apt!,"Price
$118 CAD per night",ENTIRE APARTMENT , 1 BED, · Free cancellation,129,Rating 5 out of 5
AMAZING DESIGNER TIMES SQUARE APARTMENT- BEAUTIFUL,"Price
$179 CAD per night",ENTIRE APARTMENT , 2 BEDS, · Free cancellation,86,Rating 4.5 out of 5
New Apt. in Park Slope / Gowanus,"Price
$119 CAD per night",ENTIRE APARTMENT , 0 BEDS, · Free cancellation,307,Rating 5 out of 5
1BR few mins to NYC 42rd ST or Time Square,"Price
$86 CAD per night",ENTIRE CONDOMINIUM , 1 BED, · Free cancellation,183,Rating 4.5 out of 5
BIG Guest Room w/King Bed near Williamsburg Bridge,"Price
$78 CAD per night",PRIVATE ROOM , 1 BED, · Free cancellation,202,Rating 4.5 out of 5
"*Studio flat near Manhattan, NYC!","Price
$65 CAD per night",ENTIRE APARTMENT , 1 BED, · Free cancellation,194,Rating 4.5 out of 5
It's The Brooklyn Way !!!,"Price
$70 CAD per night",ENTIRE APARTMENT , 1 BED, · Free cancellation,126,Rating 4.5 out of 5
Cozy Room for Rent 10 Min from NYC,"Price
$62 CAD per night",PRIVATE ROOM , 1 BED, · Free cancellation,219,Rating 4.5 out of 5
"Bushwick Biodome Loft, Fun & Unique, Great View!","Price
$80 CAD per night",PRIVATE ROOM , 1 BED, · Free cancellation,130,Rating 5 out of 5
"Perfect Room, East Village Dream","Price
$93 CAD per night",PRIVATE ROOM , 1 BED, · Free cancellation,218,Rating 5 out of 5
Best Location - Steps from Times Square!!!,"Price
$92 CAD per night",ENTIRE APARTMENT , 2 BEDS, · Free cancellation,144,Rating 4.5 out of 5
Large room in elevator drman bldg,"Price
$73 CAD per night",PRIVATE ROOM , 1 BED, · Free cancellation,279,Rating 4.5 out of 5
"Private Master Room, Bath & Balcony - Location NYC","Price
$64 CAD per night",PRIVATE ROOM , 1 BED, · Free cancellation,210,Rating 4.5 out of 5
.Melinda's Place,"Price
$82 CAD per night",ENTIRE APARTMENT , 1 BED, · Free cancellation,64,Rating 5 out of 5
The Webster,"Price
$57 CAD per night",ENTIRE CONDOMINIUM , 3 BEDS, · Free cancellation,86,Rating 5 out of 5
Prime Location Sun Filled West Village Townhome,"Price
$153 CAD per night",ENTIRE APARTMENT , 2 BEDS, · Free cancellation,172,Rating 4.5 out of 5
Quiet Private Room in Manhattan,"Price
$85 CAD per night",PRIVATE ROOM , 1 BED, · Free cancellation,103,Rating 4.5 out of 5
Amazing studio heart of Manhattan!,"Price
$93 CAD per night",PRIVATE ROOM , 0 BEDS, · Free cancellation,119,Rating 4.5 out of 5
205B NYC Most Economy Stay 18 Mins to Time Square,"Price
$33 CAD per night",PRIVATE ROOM , 1 BED, · Free cancellation,61,Rating 4 out of 5
Fantastic Cozy Stay-NYC. 4B,"Price
$78 CAD per night",ENTIRE APARTMENT , 1 BED, · Free cancellation,74,Rating 4 out of 5
Prime Williamsburg Large bedroom for 1or2 people,"Price
$40 CAD per night",PRIVATE ROOM , 1 BED, · Free cancellation,191,Rating 4.5 out of 5
Huge Room in Prime Central Park Location by Train,"Price
$28 CAD per night",PRIVATE ROOM , 1 BED, · Free cancellation,43,Rating 4 out of 5
"Beautiful ""pop-art"" studio near Times Square !","Price
$166 CAD per night",ENTIRE APARTMENT , 1 BED, · Free cancellation,137,Rating 5 out of 5
"Large, sunny, private studio Apt 2F","Price
$92 CAD per night",ENTIRE APARTMENT , 1 BED, · Free cancellation,228,Rating 5 out of 5
Guestroom w/ 2 beds 20 mins to NYC,"Price
$73 CAD per night",PRIVATE ROOM , 2 BEDS, · Free cancellation,273,Rating 5 out of 5
Victorian Sanctuary in a Historic Brownstone,"Price
$50 CAD per night",PRIVATE ROOM , 2 BEDS, · Free cancellation,72,Rating 4.5 out of 5
Bright LARGE 2 BEDS! near Manhattan,"Price
$73 CAD per night",PRIVATE ROOM , 2 BEDS, · Free cancellation,398,Rating 5 out of 5
Quiet comfortable near Times Sq.,"Price
$103 CAD per night",PRIVATE ROOM , 1 BED, · Free cancellation,115,Rating 5 out of 5
Seaview Studio in Brooklyn New york.,"Price
$80 CAD per night",ENTIRE APARTMENT , 1 BED, · Free cancellation,143,Rating 5 out of 5
Sunny Warm Quiet NYC Retreat,"Price
$69 CAD per night",PRIVATE ROOM , 1 BED, · Free cancellation,255,Rating 5 out of 5
Brooklyn Garden Apartment,"Price
$105 CAD per night",ENTIRE APARTMENT , 2 BEDS, · Free cancellation,195,Rating 4.5 out of 5
Charming One Bed Room Apartment,"Price
$113 CAD per night",ENTIRE APARTMENT , 2 BEDS, · Free cancellation,154,Rating 4 out of 5
Large Manhattan Apartment - 1 Minute to Subway!,"Price
$118 CAD per night",PRIVATE ROOM , 1 BED, · Free cancellation,219,Rating 5 out of 5
[1] Super Tidy Room by Cen.Park with 2BathRm,"Price
$68 CAD per night",PRIVATE ROOM , 1 BED, · Free cancellation,161,Rating 4.5 out of 5
JAN/FEB SPECIAL $69 APT MINUTES TO NEW YORK CITY,"Price
$92 CAD per night",ENTIRE APARTMENT , 2 BEDS, · Free cancellation,147,Rating 5 out of 5
Bright Big 2BR 15 Minutes Time Square Upto 8 Guest,"Price
$52 CAD per night",ENTIRE HOUSE , 3 BEDS, · Free cancellation,182,Rating 4.5 out of 5
"HEART OF BROOKLYN, QUEEN BED, 1 BLOCK FROM SUBWAY!","Price
$53 CAD per night",PRIVATE ROOM , 1 BED, · Free cancellation,165,Rating 4.5 out of 5
★HUGE beautiful E. Villager 2nd Av★,"Price
$159 CAD per night",ENTIRE APARTMENT , 3 BEDS, · Free cancellation,286,Rating 4.5 out of 5
Midtown cozy convenient,"Price
$73 CAD per night",PRIVATE ROOM , 1 BED, · Free cancellation,98,Rating 5 out of 5
"Room with a View, Next to Times Square!","Price
$109 CAD per night",PRIVATE ROOM , 1 BED, · Free cancellation,19,Rating 4.5 out of 5
"CLEAN, PRIVATE ROOM CLOSE TO THE CITY AND JFK.","Price
$46 CAD per night",PRIVATE ROOM , 1 BED, · Free cancellation,66,Rating 5 out of 5
Cozy private studio,"Price
$94 CAD per night",ENTIRE HOUSE , 1 BED, · Free cancellation,78,Rating 5 out of 5
Pretty room studio !,"Price
$45 CAD per night",PRIVATE ROOM , 3 BEDS, · Free cancellation,282,Rating 4.5 out of 5
Unique sunny loft in Manhattan!,"Price
$264 CAD per night",ENTIRE LOFT , 2 BEDS, · Free cancellation,209,Rating 4.5 out of 5
"Charming, Airy 2 Bedroom Brownstone in Bed-Stuy","Price
$166 CAD per night",ENTIRE TOWNHOUSE , 2 BEDS, · Free cancellation,228,Rating 5 out of 5
FOODIE HAVEN -ENJOY THE REAL NYC :),"Price
$115 CAD per night",PRIVATE ROOM , 1 BED, · Free cancellation,227,Rating 4.5 out of 5
"Bright, Cozy room in Brooklyn","Price
$57 CAD per night",PRIVATE ROOM , 1 BED, · Free cancellation,148,Rating 5 out of 5
ENTIRE FLOR :) PRIVATE entrance&full bathroom! :DD,"Price
$72 CAD per night",PRIVATE ROOM , 2 BEDS, · Free cancellation,159,Rating 5 out of 5
Garden Flat Next to Central Park w/ Large Terrace,"Price
$86 CAD per night",PRIVATE ROOM , 1 BED, · Free cancellation,107,Rating 5 out of 5
One Bedroom Mini studio - Free WIFI,"Price
$126 CAD per night",ENTIRE APARTMENT , 1 BED, · Free cancellation,183,Rating 4.5 out of 5
Brooklyn Creative Snooze Factory,"Price
$66 CAD per night",PRIVATE ROOM , 1 BED, · Free cancellation,371,Rating 4.5 out of 5
New York City - World of Antiques,"Price
$89 CAD per night",ENTIRE APARTMENT , 3 BEDS, · Free cancellation,195,Rating 4.5 out of 5
Very Large Private Room on quiet st,"Price
$40 CAD per night",PRIVATE ROOM , 1 BED, · Free cancellation,259,Rating 4.5 out of 5
Loft in Williamsburg Area w/ Roof,"Price
$53 CAD per night",PRIVATE ROOM , 1 BED, · Free cancellation,189,Rating 4 out of 5
"Central Location, 1 Block from Subway, Great Price","Price
$57 CAD per night",PRIVATE ROOM , 1 BED, · Free cancellation,137,Rating 4.5 out of 5
Best Location in NYC! TIMES SQUARE!,"Price
$92 CAD per night",PRIVATE ROOM , 1 BED, · Free cancellation,274,Rating 4.5 out of 5
Private+Cozy Room w/ Super Host ($0 Cleaning Fee),"Price
$78 CAD per night",PRIVATE ROOM , 1 BED, · Free cancellation,333,Rating 5 out of 5
Studio Apartment close to Midtown Manhattan,"Price
$100 CAD per night",ENTIRE APARTMENT , 2 BEDS, · Free cancellation,223,Rating 4.5 out of 5
Luxe 1-Bedroom Loft Near Manhattan,"Price
$113 CAD per night",ENTIRE APARTMENT , 2 BEDS, · Free cancellation,184,Rating 5 out of 5
"Large, Bright NYC Room Near Trains","Price
$50 CAD per night",PRIVATE ROOM , 1 BED, · Free cancellation,209,Rating 4.5 out of 5
It's all about Bushwick BROOKLYN,"Price
$106 CAD per night",ENTIRE APARTMENT , 2 BEDS, · Free cancellation,284,Rating 5 out of 5
Art Large bedroom Brownstone for 1 or 2 persons,"Price
$40 CAD per night",PRIVATE ROOM , 1 BED, · Free cancellation,165,Rating 5 out of 5
Beautiful new one bedroom apartment,"Price
$121 CAD per night",ENTIRE APARTMENT , 1 BED, · Free cancellation,202,Rating 4.5 out of 5
Studio in the Best location in Manhattan,"Price
$66 CAD per night",ENTIRE APARTMENT , 1 BED, · Free cancellation,103,Rating 4.5 out of 5
Seaport Designer Full Flr Home,"Price
$172 CAD per night",ENTIRE APARTMENT , 3 BEDS, · Free cancellation,264,Rating 5 out of 5
Your NYC Home!,"Price
$64 CAD per night",PRIVATE ROOM , 1 BED, · Free cancellation,223,Rating 4.5 out of 5
XL Room In Lovely Apt Next to Subway,"Price
$115 CAD per night",PRIVATE ROOM , 1 BED, · Free cancellation,186,Rating 5 out of 5
Amazing East Village Xtra Large Studio Apartment!,"Price
$146 CAD per night",ENTIRE APARTMENT , 2 BEDS, · Free cancellation,83,Rating 4.5 out of 5
Private bedroom in great LES spot,"Price
$54 CAD per night",PRIVATE ROOM , 1 BED, · Free cancellation,190,Rating 4.5 out of 5
Beautiful little bedroom + private living room,"Price
$66 CAD per night",PRIVATE ROOM , 1 BED, · Free cancellation,145,Rating 5 out of 5
Beautiful & Clean Studio APT in Korea Town,"Price
$100 CAD per night",ENTIRE APARTMENT , 0 BEDS, · Free cancellation,272,Rating 4.5 out of 5
"Clean Quiet 2 Bedroom Apartment, Private","Price
$100 CAD per night",ENTIRE HOUSE , 2 BEDS, · Free cancellation,189,Rating 5 out of 5
Gorgeous Suite Steps to NYC PATH,"Price
$52 CAD per night",ENTIRE APARTMENT , 1 BED, · Free cancellation,166,Rating 4.5 out of 5
Bedroom with Garden at the Back,"Price
$72 CAD per night",PRIVATE ROOM , 1 BED, · Free cancellation,323,Rating 4.5 out of 5
Charming Suite in Historic Home,"Price
$74 CAD per night",ENTIRE GUEST SUITE , 1 BED, · Free cancellation,139,Rating 5 out of 5
Modern 1 bedroom 5min Cental Park,"Price
$113 CAD per night",ENTIRE APARTMENT , 2 BEDS, · Free cancellation,150,Rating 4.5 out of 5
5th ave/Broadway near Empire State,"Price
$158 CAD per night",ENTIRE APARTMENT , 1 BED, · Free cancellation,162,Rating 4.5 out of 5
Room 1/2 block from Central Park!,"Price
$77 CAD per night",PRIVATE ROOM , 1 BED, · Free cancellation,144,Rating 5 out of 5
Mid-Century Modern Garden Paradise,"Price
$133 CAD per night",ENTIRE APARTMENT , 2 BEDS, · Free cancellation,212,Rating 5 out of 5
True Two Bedroom Apartment in Lower Manhattan,"Price
$212 CAD per night",ENTIRE APARTMENT , 2 BEDS, · Free cancellation,205,Rating 4.5 out of 5
SleepEasyNY: PRIVATE SUITE | MANHATTAN IN 5 STOPS,"Price
$93 CAD per night",ENTIRE GUEST SUITE , 1 BED, · Free cancellation,86,Rating 5 out of 5
Sunny and Sweet 2 bedroom in LES,"Price
$100 CAD per night",ENTIRE APARTMENT , 2 BEDS, · Free cancellation,136,Rating 4.5 out of 5
Times Square Best Location Studio (Entire apt),"Price
$184 CAD per night",ENTIRE APARTMENT , 1 BED, · Free cancellation,139,Rating 5 out of 5
Perfect location to explore NYC,"Price
$170 CAD per night",ENTIRE APARTMENT , 2 BEDS, · Free cancellation,216,Rating 4.5 out of 5
FLAT MACDONOUGH,"Price
$131 CAD per night",ENTIRE APARTMENT , 2 BEDS, · Free cancellation,207,Rating 4.5 out of 5
"Private Room & Coffee, only 3 blocks to Train","Price
$66 CAD per night",PRIVATE ROOM , 1 BED, · Free cancellation,302,Rating 4.5 out of 5
Modern Space,"Price
$179 CAD per night",ENTIRE APARTMENT , 1 BED, · Free cancellation,193,Rating 4 out of 5
Nice Private Studio Apartment,"Price
$90 CAD per night",ENTIRE APARTMENT , 2 BEDS, · Free cancellation,104,Rating 4.5 out of 5
Cozy 1BR-Country living in NYC!,"Price
$66 CAD per night",ENTIRE HOUSE , 3 BEDS, · Free cancellation,219,Rating 5 out of 5
Stay in our wonderful loft!,"Price
$72 CAD per night",PRIVATE ROOM , 1 BED, · Free cancellation,221,Rating 5 out of 5
"Bright, Large Room w/ kitchenette, 15mins to NYC","Price
$40 CAD per night",PRIVATE ROOM , 1 BED, · Free cancellation,132,Rating 5 out of 5
❤of Willamsburg! Best Location!!! 1 block to train,"Price
$77 CAD per night",PRIVATE ROOM , 1 BED, · Free cancellation,173,Rating 4.5 out of 5
Prime location near Central Park !!,"Price
$78 CAD per night",PRIVATE ROOM , 1 BED, · Free cancellation,322,Rating 4.5 out of 5
"Brooklyn Life, Easy to Manhattan","Price
$119 CAD per night",ENTIRE TOWNHOUSE , 2 BEDS, · Free cancellation,243,Rating 5 out of 5
Location is Everything. And Quiet Too!,"Price
$111 CAD per night",PRIVATE ROOM , 1 BED, · Free cancellation,356,Rating 5 out of 5
A Serene ambiance that will sooth your soul,"Price
$115 CAD per night",ENTIRE APARTMENT , 1 BED, · Free cancellation,188,Rating 5 out of 5
ONE STOP TO TIME SQUARE BEAUTIFUL QUIET STUDIO,"Price
$126 CAD per night",ENTIRE APARTMENT , 2 BEDS, · Free cancellation,110,Rating 5 out of 5
ROOM WITH KITCHENETTE #2,"Price
$106 CAD per night",ENTIRE HOUSE , 1 BED, · Free cancellation,219,Rating 4.5 out of 5
Modern & Trendy 2-Bedroom 1 Bath Lower Manhattan,"Price
$133 CAD per night",ENTIRE APARTMENT , 3 BEDS, · Free cancellation,104,Rating 5 out of 5
Nice studio in Midtown Manhattan,"Price
$264 CAD per night",ENTIRE APARTMENT , 2 BEDS, · Free cancellation,153,Rating 4.5 out of 5
The Institute—Heart of Williamsburg,"Price
$167 CAD per night",ENTIRE APARTMENT , 2 BEDS, · Free cancellation,333,Rating 4.5 out of 5
Special OFFER on Airbnb NYC Room!,"Price
$65 CAD per night",PRIVATE ROOM , 2 BEDS, · Free cancellation,320,Rating 4.5 out of 5
Comfy NYC Studio 15 Min. To Midtown,"Price
$100 CAD per night",ENTIRE APARTMENT , 2 BEDS, · Free cancellation,175,Rating 4.5 out of 5
Brownstone Apt near Central Park,"Price
$206 CAD per night",ENTIRE APARTMENT , 2 BEDS, · Free cancellation,176,Rating 5 out of 5
"2017 BUILDING, NEW LOFT, 5 MIN TO MANHATAN","Price
$66 CAD per night",PRIVATE ROOM , 1 BED, · Free cancellation,66,Rating 5 out of 5
Home Away from Home (Entire 2 bd Apt),"Price
$129 CAD per night",ENTIRE APARTMENT , 2 BEDS, · Free cancellation,219,Rating 5 out of 5
A private room in New York. One block from A,"Price
$78 CAD per night",PRIVATE ROOM , 1 BED, · Free cancellation,100,Rating 4.5 out of 5
Brownstone Flat on Tree-Lined Block,"Price
$62 CAD per night",ENTIRE APARTMENT , 2 BEDS, · Free cancellation,316,Rating 5 out of 5
gorgeous 2 bedroom loft!,"Price
$119 CAD per night",ENTIRE LOFT , 2 BEDS, · Free cancellation,75,Rating 4.5 out of 5
Heart of Williamsburg. Brand New.,"Price
$73 CAD per night",PRIVATE ROOM , 1 BED, · Free cancellation,235,Rating 4.5 out of 5
"SANCTUARY, with all amenities BRAND NEW!","Price
$38 CAD per night",PRIVATE ROOM , 1 BED, · Free cancellation,89,Rating 4.5 out of 5
"Modern, Clean 1 bedroom Apartment in Bushwick","Price
$101 CAD per night",ENTIRE APARTMENT , 1 BED, · Free cancellation,145,Rating 5 out of 5
Bookcase Room with Hidden Door!,"Price
$46 CAD per night",PRIVATE ROOM , 1 BED, · Free cancellation,61,Rating 5 out of 5
Cozy Bedroom near Columbus Circle R,"Price
$105 CAD per night",PRIVATE ROOM , 1 BED, · Free cancellation,266,Rating 5 out of 5
Williamsburg Pizza House,"Price
$80 CAD per night",ENTIRE APARTMENT , 1 BED, · Free cancellation,237,Rating 4.5 out of 5
Downtown Full Floor Loft,"Price
$264 CAD per night",ENTIRE APARTMENT , 3 BEDS, · Free cancellation,295,Rating 5 out of 5
Private Master Bedroom w/Garden 14 min to Union Sq,"Price
$69 CAD per night",PRIVATE ROOM , 1 BED, · Free cancellation,211,Rating 4.5 out of 5
Sunny Room 15min from Manhattan,"Price
$60 CAD per night",PRIVATE ROOM , 2 BEDS, · Free cancellation,240,Rating 4.5 out of 5
Beautiful Room ♡ of the Upper West Side,"Price
$100 CAD per night",PRIVATE ROOM , 1 BED, · Free cancellation,106,Rating 5 out of 5
Manhattan Upper East Side 1bedroom,"Price
$107 CAD per night",ENTIRE APARTMENT , 1 BED, · Free cancellation,162,Rating 4.5 out of 5
Renovated Loft Studio in Townhouse,"Price
$100 CAD per night",ENTIRE LOFT , 1 BED, · Free cancellation,68,Rating 5 out of 5
13 Minutes ❤ of NYC Times Square!,"Price
$66 CAD per night",ENTIRE APARTMENT , 2 BEDS, · Free cancellation,144,Rating 4.5 out of 5
Nice and Private APARTMENT just 4 U,"Price
$66 CAD per night",ENTIRE HOUSE , 1 BED, · Free cancellation,142,Rating 4.5 out of 5
Comfortable Modern Room in Bed-Stuy,"Price
$53 CAD per night",PRIVATE ROOM , 1 BED, · Free cancellation,122,Rating 4.5 out of 5
"WONDERFUL, COMFORTABLE STUDIO","Price
$119 CAD per night",ENTIRE HOUSE , 1 BED, · Free cancellation,209,Rating 4.5 out of 5
Sunny bedroom with Park views in East Village!,"Price
$78 CAD per night",PRIVATE ROOM , 2 BEDS, · Free cancellation,161,Rating 4.5 out of 5
Modern Room 20 Minutes to Times Square,"Price
$27 CAD per night",PRIVATE ROOM , 1 BED, · Free cancellation,119,Rating 4 out of 5
Brooklyn Queen Bed,"Price
$126 CAD per night",HOTEL ROOM , 1 BED, · Free cancellation,163,Rating 4.5 out of 5
Cute UWS Studio Near Central Park Clean & Quiet,"Price
$146 CAD per night",ENTIRE APARTMENT , 0 BEDS, · Free cancellation,193,Rating 4.5 out of 5
"Vibrant, Modern, Fresh n' Cozy HighLine Studio!","Price
$171 CAD per night",ENTIRE APARTMENT , 2 BEDS, · Free cancellation,129,Rating 5 out of 5
Fresh and modern 1BR in Bed-Stuy,"Price
$97 CAD per night",ENTIRE APARTMENT , 1 BED, · Free cancellation,177,Rating 4.5 out of 5
Stylish 1 Bedroom w/terrace perfect location,"Price
$145 CAD per night",ENTIRE APARTMENT , 1 BED, · Free cancellation,129,Rating 4.5 out of 5
Lovely City Retreat,"Price
$36 CAD per night",PRIVATE ROOM , 1 BED, · Free cancellation,86,Rating 4.5 out of 5
116 Magnolia Avenue 1163A,"Price
$53 CAD per night",HOTEL ROOM , 1 BED, · Free cancellation,47,Rating 4.5 out of 5
Clean style apt. Central midtwn near Javits,"Price
$158 CAD per night",PRIVATE ROOM , 1 BED, · Free cancellation,168,Rating 4.5 out of 5
White space with 0min to bus stop,"Price
$60 CAD per night",SHARED ROOM , 1 BED, · Free cancellation,181,Rating 5 out of 5
Bushwick Oasis,"Price
$113 CAD per night",ENTIRE APARTMENT , 1 BED, · Free cancellation,153,Rating 5 out of 5
"Lovely pied-à-terre, in an historic building","Price
$113 CAD per night",ENTIRE APARTMENT , 1 BED, · Free cancellation,287,Rating 5 out of 5
"Eco friendly, Historic Jersey City, 15 min to NYC","Price
$46 CAD per night",PRIVATE ROOM , 1 BED, · Free cancellation,214,Rating 5 out of 5
